year,word,0,frequency
1896,Robert Tait McKenzie,0,0
1900,Robert Tait McKenzie,0,0
1904,Robert Tait McKenzie,0,0
1906,Robert Tait McKenzie,0,0
1908,Robert Tait McKenzie,0,0
1912,Robert Tait McKenzie,0.454545455,1
1920,Robert Tait McKenzie,0,0
1924,Robert Tait McKenzie,0,0
1928,Robert Tait McKenzie,3.181818182,4
1932,Robert Tait McKenzie,20,20
1936,Robert Tait McKenzie,2.272727273,3
1948,Robert Tait McKenzie,0.454545455,1
1952,Robert Tait McKenzie,0,0
1956,Robert Tait McKenzie,0,0
1960,Robert Tait McKenzie,0,0
1964,Robert Tait McKenzie,0,0
1968,Robert Tait McKenzie,0,0
1972,Robert Tait McKenzie,0,0
1976,Robert Tait McKenzie,0,0
1980,Robert Tait McKenzie,0,0
1984,Robert Tait McKenzie,0,0
1988,Robert Tait McKenzie,0,0
1992,Robert Tait McKenzie,0,0
1994,Robert Tait McKenzie,0,0
1996,Robert Tait McKenzie,0,0
1998,Robert Tait McKenzie,0,0
2000,Robert Tait McKenzie,0,0
2002,Robert Tait McKenzie,0,0
2004,Robert Tait McKenzie,0,0
2006,Robert Tait McKenzie,0,0
2008,Robert Tait McKenzie,0,0
2010,Robert Tait McKenzie,0,0
2012,Robert Tait McKenzie,0,0
2014,Robert Tait McKenzie,0,0
2016,Robert Tait McKenzie,0,0
1896,Heikki Ilmari Savolainen,0,0
1900,Heikki Ilmari Savolainen,0,0
1904,Heikki Ilmari Savolainen,0,0
1906,Heikki Ilmari Savolainen,0,0
1908,Heikki Ilmari Savolainen,0,0
1912,Heikki Ilmari Savolainen,0,0
1920,Heikki Ilmari Savolainen,0,0
1924,Heikki Ilmari Savolainen,0,0
1928,Heikki Ilmari Savolainen,17.5,18
1932,Heikki Ilmari Savolainen,20,20
1936,Heikki Ilmari Savolainen,20,20
1948,Heikki Ilmari Savolainen,20,20
1952,Heikki Ilmari Savolainen,20,20
1956,Heikki Ilmari Savolainen,0,0
1960,Heikki Ilmari Savolainen,0,0
1964,Heikki Ilmari Savolainen,0,0
1968,Heikki Ilmari Savolainen,0,0
1972,Heikki Ilmari Savolainen,0,0
1976,Heikki Ilmari Savolainen,0,0
1980,Heikki Ilmari Savolainen,0,0
1984,Heikki Ilmari Savolainen,0,0
1988,Heikki Ilmari Savolainen,0,0
1992,Heikki Ilmari Savolainen,0,0
1994,Heikki Ilmari Savolainen,0,0
1996,Heikki Ilmari Savolainen,0,0
1998,Heikki Ilmari Savolainen,0,0
2000,Heikki Ilmari Savolainen,0,0
2002,Heikki Ilmari Savolainen,0,0
2004,Heikki Ilmari Savolainen,0,0
2006,Heikki Ilmari Savolainen,0,0
2008,Heikki Ilmari Savolainen,0,0
2010,Heikki Ilmari Savolainen,0,0
2012,Heikki Ilmari Savolainen,0,0
2014,Heikki Ilmari Savolainen,0,0
2016,Heikki Ilmari Savolainen,0,0
1896,"Joseph ""Josy"" Stoffel",0,0
1900,"Joseph ""Josy"" Stoffel",0,0
1904,"Joseph ""Josy"" Stoffel",0,0
1906,"Joseph ""Josy"" Stoffel",0,0
1908,"Joseph ""Josy"" Stoffel",0,0
1912,"Joseph ""Josy"" Stoffel",0,0
1920,"Joseph ""Josy"" Stoffel",0,0
1924,"Joseph ""Josy"" Stoffel",0,0
1928,"Joseph ""Josy"" Stoffel",0,0
1932,"Joseph ""Josy"" Stoffel",0,0
1936,"Joseph ""Josy"" Stoffel",0,0
1948,"Joseph ""Josy"" Stoffel",20,20
1952,"Joseph ""Josy"" Stoffel",20,20
1956,"Joseph ""Josy"" Stoffel",17.5,18
1960,"Joseph ""Josy"" Stoffel",20,20
1964,"Joseph ""Josy"" Stoffel",17.5,18
1968,"Joseph ""Josy"" Stoffel",0,0
1972,"Joseph ""Josy"" Stoffel",0,0
1976,"Joseph ""Josy"" Stoffel",0,0
1980,"Joseph ""Josy"" Stoffel",0,0
1984,"Joseph ""Josy"" Stoffel",0,0
1988,"Joseph ""Josy"" Stoffel",0,0
1992,"Joseph ""Josy"" Stoffel",0,0
1994,"Joseph ""Josy"" Stoffel",0,0
1996,"Joseph ""Josy"" Stoffel",0,0
1998,"Joseph ""Josy"" Stoffel",0,0
2000,"Joseph ""Josy"" Stoffel",0,0
2002,"Joseph ""Josy"" Stoffel",0,0
2004,"Joseph ""Josy"" Stoffel",0,0
2006,"Joseph ""Josy"" Stoffel",0,0
2008,"Joseph ""Josy"" Stoffel",0,0
2010,"Joseph ""Josy"" Stoffel",0,0
2012,"Joseph ""Josy"" Stoffel",0,0
2014,"Joseph ""Josy"" Stoffel",0,0
2016,"Joseph ""Josy"" Stoffel",0,0
1896,Ioannis Theofilakis,3.333333333,4
1900,Ioannis Theofilakis,0,0
1904,Ioannis Theofilakis,0,0
1906,Ioannis Theofilakis,5,5
1908,Ioannis Theofilakis,6.666666667,7
1912,Ioannis Theofilakis,20,20
1920,Ioannis Theofilakis,18.33333333,19
1924,Ioannis Theofilakis,6.666666667,7
1928,Ioannis Theofilakis,0,0
1932,Ioannis Theofilakis,0,0
1936,Ioannis Theofilakis,0,0
1948,Ioannis Theofilakis,0,0
1952,Ioannis Theofilakis,0,0
1956,Ioannis Theofilakis,0,0
1960,Ioannis Theofilakis,0,0
1964,Ioannis Theofilakis,0,0
1968,Ioannis Theofilakis,0,0
1972,Ioannis Theofilakis,0,0
1976,Ioannis Theofilakis,0,0
1980,Ioannis Theofilakis,0,0
1984,Ioannis Theofilakis,0,0
1988,Ioannis Theofilakis,0,0
1992,Ioannis Theofilakis,0,0
1994,Ioannis Theofilakis,0,0
1996,Ioannis Theofilakis,0,0
1998,Ioannis Theofilakis,0,0
2000,Ioannis Theofilakis,0,0
2002,Ioannis Theofilakis,0,0
2004,Ioannis Theofilakis,0,0
2006,Ioannis Theofilakis,0,0
2008,Ioannis Theofilakis,0,0
2010,Ioannis Theofilakis,0,0
2012,Ioannis Theofilakis,0,0
2014,Ioannis Theofilakis,0,0
2016,Ioannis Theofilakis,0,0
1896,Takashi Ono,0,0
1900,Takashi Ono,0,0
1904,Takashi Ono,0,0
1906,Takashi Ono,0,0
1908,Takashi Ono,0,0
1912,Takashi Ono,0,0
1920,Takashi Ono,0,0
1924,Takashi Ono,0,0
1928,Takashi Ono,0,0
1932,Takashi Ono,0,0
1936,Takashi Ono,0,0
1948,Takashi Ono,0,0
1952,Takashi Ono,20,20
1956,Takashi Ono,20,20
1960,Takashi Ono,20,20
1964,Takashi Ono,20,20
1968,Takashi Ono,0,0
1972,Takashi Ono,0,0
1976,Takashi Ono,0,0
1980,Takashi Ono,0,0
1984,Takashi Ono,0,0
1988,Takashi Ono,0,0
1992,Takashi Ono,0,0
1994,Takashi Ono,0,0
1996,Takashi Ono,0,0
1998,Takashi Ono,0,0
2000,Takashi Ono,0,0
2002,Takashi Ono,0,0
2004,Takashi Ono,0,0
2006,Takashi Ono,0,0
2008,Takashi Ono,2.5,3
2010,Takashi Ono,0,0
2012,Takashi Ono,0,0
2014,Takashi Ono,0,0
2016,Takashi Ono,0,0
1896,Alexandros Theofilakis,2,2
1900,Alexandros Theofilakis,0,0
1904,Alexandros Theofilakis,0,0
1906,Alexandros Theofilakis,20,20
1908,Alexandros Theofilakis,10,10
1912,Alexandros Theofilakis,12,12
1920,Alexandros Theofilakis,12,12
1924,Alexandros Theofilakis,8,8
1928,Alexandros Theofilakis,0,0
1932,Alexandros Theofilakis,0,0
1936,Alexandros Theofilakis,0,0
1948,Alexandros Theofilakis,0,0
1952,Alexandros Theofilakis,0,0
1956,Alexandros Theofilakis,0,0
1960,Alexandros Theofilakis,0,0
1964,Alexandros Theofilakis,0,0
1968,Alexandros Theofilakis,0,0
1972,Alexandros Theofilakis,0,0
1976,Alexandros Theofilakis,0,0
1980,Alexandros Theofilakis,0,0
1984,Alexandros Theofilakis,0,0
1988,Alexandros Theofilakis,0,0
1992,Alexandros Theofilakis,0,0
1994,Alexandros Theofilakis,0,0
1996,Alexandros Theofilakis,0,0
1998,Alexandros Theofilakis,0,0
2000,Alexandros Theofilakis,0,0
2002,Alexandros Theofilakis,0,0
2004,Alexandros Theofilakis,0,0
2006,Alexandros Theofilakis,0,0
2008,Alexandros Theofilakis,0,0
2010,Alexandros Theofilakis,0,0
2012,Alexandros Theofilakis,0,0
2014,Alexandros Theofilakis,0,0
2016,Alexandros Theofilakis,0,0
1896,Jean Lucien Nicolas Jacoby,0,0
1900,Jean Lucien Nicolas Jacoby,0,0
1904,Jean Lucien Nicolas Jacoby,0,0
1906,Jean Lucien Nicolas Jacoby,0,0
1908,Jean Lucien Nicolas Jacoby,0,0
1912,Jean Lucien Nicolas Jacoby,0,0
1920,Jean Lucien Nicolas Jacoby,0,0
1924,Jean Lucien Nicolas Jacoby,1.176470588,2
1928,Jean Lucien Nicolas Jacoby,7.058823529,8
1932,Jean Lucien Nicolas Jacoby,9.411764706,10
1936,Jean Lucien Nicolas Jacoby,20,20
1948,Jean Lucien Nicolas Jacoby,0,0
1952,Jean Lucien Nicolas Jacoby,0,0
1956,Jean Lucien Nicolas Jacoby,0,0
1960,Jean Lucien Nicolas Jacoby,0,0
1964,Jean Lucien Nicolas Jacoby,0,0
1968,Jean Lucien Nicolas Jacoby,0,0
1972,Jean Lucien Nicolas Jacoby,0,0
1976,Jean Lucien Nicolas Jacoby,0,0
1980,Jean Lucien Nicolas Jacoby,0,0
1984,Jean Lucien Nicolas Jacoby,0,0
1988,Jean Lucien Nicolas Jacoby,0,0
1992,Jean Lucien Nicolas Jacoby,0,0
1994,Jean Lucien Nicolas Jacoby,0,0
1996,Jean Lucien Nicolas Jacoby,0,0
1998,Jean Lucien Nicolas Jacoby,0,0
2000,Jean Lucien Nicolas Jacoby,0,0
2002,Jean Lucien Nicolas Jacoby,0,0
2004,Jean Lucien Nicolas Jacoby,0,0
2006,Jean Lucien Nicolas Jacoby,0,0
2008,Jean Lucien Nicolas Jacoby,0,0
2010,Jean Lucien Nicolas Jacoby,0,0
2012,Jean Lucien Nicolas Jacoby,0,0
2014,Jean Lucien Nicolas Jacoby,0,0
2016,Jean Lucien Nicolas Jacoby,0,0
1896,Andreas Wecker,0,0
1900,Andreas Wecker,0,0
1904,Andreas Wecker,0,0
1906,Andreas Wecker,0,0
1908,Andreas Wecker,0,0
1912,Andreas Wecker,0,0
1920,Andreas Wecker,0,0
1924,Andreas Wecker,0,0
1928,Andreas Wecker,0,0
1932,Andreas Wecker,0,0
1936,Andreas Wecker,0,0
1948,Andreas Wecker,0,0
1952,Andreas Wecker,0,0
1956,Andreas Wecker,0,0
1960,Andreas Wecker,0,0
1964,Andreas Wecker,0,0
1968,Andreas Wecker,0,0
1972,Andreas Wecker,0,0
1976,Andreas Wecker,0,0
1980,Andreas Wecker,0,0
1984,Andreas Wecker,0,0
1988,Andreas Wecker,20,20
1992,Andreas Wecker,20,20
1994,Andreas Wecker,0,0
1996,Andreas Wecker,20,20
1998,Andreas Wecker,0,0
2000,Andreas Wecker,20,20
2002,Andreas Wecker,0,0
2004,Andreas Wecker,0,0
2006,Andreas Wecker,0,0
2008,Andreas Wecker,0,0
2010,Andreas Wecker,0,0
2012,Andreas Wecker,0,0
2014,Andreas Wecker,0,0
2016,Andreas Wecker,0,0
1896,Alfrd (Arnold-) Hajs (Guttmann-),1.428571429,2
1900,Alfrd (Arnold-) Hajs (Guttmann-),0,0
1904,Alfrd (Arnold-) Hajs (Guttmann-),0,0
1906,Alfrd (Arnold-) Hajs (Guttmann-),0,0
1908,Alfrd (Arnold-) Hajs (Guttmann-),0,0
1912,Alfrd (Arnold-) Hajs (Guttmann-),0,0
1920,Alfrd (Arnold-) Hajs (Guttmann-),0,0
1924,Alfrd (Arnold-) Hajs (Guttmann-),0.714285714,1
1928,Alfrd (Arnold-) Hajs (Guttmann-),20,20
1932,Alfrd (Arnold-) Hajs (Guttmann-),0.714285714,1
1936,Alfrd (Arnold-) Hajs (Guttmann-),0,0
1948,Alfrd (Arnold-) Hajs (Guttmann-),0,0
1952,Alfrd (Arnold-) Hajs (Guttmann-),0,0
1956,Alfrd (Arnold-) Hajs (Guttmann-),0,0
1960,Alfrd (Arnold-) Hajs (Guttmann-),0,0
1964,Alfrd (Arnold-) Hajs (Guttmann-),0,0
1968,Alfrd (Arnold-) Hajs (Guttmann-),0,0
1972,Alfrd (Arnold-) Hajs (Guttmann-),0,0
1976,Alfrd (Arnold-) Hajs (Guttmann-),0,0
1980,Alfrd (Arnold-) Hajs (Guttmann-),0,0
1984,Alfrd (Arnold-) Hajs (Guttmann-),0,0
1988,Alfrd (Arnold-) Hajs (Guttmann-),0,0
1992,Alfrd (Arnold-) Hajs (Guttmann-),0,0
1994,Alfrd (Arnold-) Hajs (Guttmann-),0,0
1996,Alfrd (Arnold-) Hajs (Guttmann-),0,0
1998,Alfrd (Arnold-) Hajs (Guttmann-),0,0
2000,Alfrd (Arnold-) Hajs (Guttmann-),0,0
2002,Alfrd (Arnold-) Hajs (Guttmann-),0,0
2004,Alfrd (Arnold-) Hajs (Guttmann-),0,0
2006,Alfrd (Arnold-) Hajs (Guttmann-),0,0
2008,Alfrd (Arnold-) Hajs (Guttmann-),0,0
2010,Alfrd (Arnold-) Hajs (Guttmann-),0,0
2012,Alfrd (Arnold-) Hajs (Guttmann-),0,0
2014,Alfrd (Arnold-) Hajs (Guttmann-),0,0
2016,Alfrd (Arnold-) Hajs (Guttmann-),0,0
1896,Alfred James Munnings,0,0
1900,Alfred James Munnings,0,0
1904,Alfred James Munnings,0,0
1906,Alfred James Munnings,0,0
1908,Alfred James Munnings,0,0
1912,Alfred James Munnings,0,0
1920,Alfred James Munnings,0,0
1924,Alfred James Munnings,0,0
1928,Alfred James Munnings,4,4
1932,Alfred James Munnings,0.8,1
1936,Alfred James Munnings,0,0
1948,Alfred James Munnings,20,20
1952,Alfred James Munnings,0,0
1956,Alfred James Munnings,0,0
1960,Alfred James Munnings,0,0
1964,Alfred James Munnings,0,0
1968,Alfred James Munnings,0,0
1972,Alfred James Munnings,0,0
1976,Alfred James Munnings,0,0
1980,Alfred James Munnings,0,0
1984,Alfred James Munnings,0,0
1988,Alfred James Munnings,0,0
1992,Alfred James Munnings,0,0
1994,Alfred James Munnings,0,0
1996,Alfred James Munnings,0,0
1998,Alfred James Munnings,0,0
2000,Alfred James Munnings,0,0
2002,Alfred James Munnings,0,0
2004,Alfred James Munnings,0,0
2006,Alfred James Munnings,0,0
2008,Alfred James Munnings,0,0
2010,Alfred James Munnings,0,0
2012,Alfred James Munnings,0,0
2014,Alfred James Munnings,0,0
2016,Alfred James Munnings,0,0
1896,United States,0,0
1900,United States,1.914191419,2
1904,United States,17.51375138,18
1906,United States,1.188118812,2
1908,United States,4.224422442,5
1912,United States,7.414741474,8
1920,United States,9.812981298,10
1924,United States,10.1430143,11
1928,United States,9.240924092,10
1932,United States,16.52365237,17
1936,United States,11.08910891,12
1948,United States,10.2530253,11
1952,United States,10.75907591,11
1956,United States,10.56105611,11
1960,United States,10.78107811,11
1964,United States,12.32123212,13
1968,United States,13.61936194,14
1972,United States,14.78547855,15
1976,United States,14.34543454,15
1980,United States,2.288228823,3
1984,United States,17.46974697,18
1988,United States,18.89988999,19
1992,United States,20,20
1994,United States,4.136413641,5
1996,United States,17.60176018,18
1998,United States,5.126512651,6
2000,United States,15.86358636,16
2002,United States,5.676567657,6
2004,United States,14.93949395,15
2006,United States,5.896589659,6
2008,United States,15.77557756,16
2010,United States,6.072607261,7
2012,United States,14.12541254,15
2014,United States,6.732673267,7
2016,United States,14.78547855,15
1896,France,0.737463127,1
1900,France,20,20
1904,France,0,0
1906,France,4.365781711,5
1908,France,8.613569322,9
1912,France,6.16519174,7
1920,France,12.86135693,13
1924,France,19.91150442,20
1928,France,13.18584071,14
1932,France,4.837758112,5
1936,France,9.144542773,10
1948,France,13.80530973,14
1952,France,12.97935103,13
1956,France,7.876106195,8
1960,France,12.00589971,13
1964,France,7.699115044,8
1968,France,12.27138643,13
1972,France,12.38938053,13
1976,France,10.50147493,11
1980,France,7.168141593,8
1984,France,12.09439528,13
1988,France,15.42772861,16
1992,France,18.90855457,19
1994,France,4.483775811,5
1996,France,13.09734513,14
1998,France,4.247787611,5
2000,France,13.71681416,14
2002,France,4.808259587,5
2004,France,13.33333333,14
2006,France,4.542772861,5
2008,France,12.97935103,13
2010,France,5.634218289,6
2012,France,12.41887906,13
2014,France,5.545722714,6
2016,France,14.83775811,15
1896,Great Britain,0.455764075,1
1900,Great Britain,1.286863271,2
1904,Great Britain,0,0
1906,Great Britain,2.627345845,3
1908,Great Britain,20,20
1912,Great Britain,9.81233244,10
1920,Great Britain,8.445040214,9
1924,Great Britain,11.8766756,12
1928,Great Britain,9.839142091,10
1932,Great Britain,4.450402145,5
1936,Great Britain,7.131367292,8
1948,Great Britain,16.99731903,17
1952,Great Britain,11.07238606,12
1956,Great Britain,8.55227882,9
1960,Great Britain,11.04557641,12
1964,Great Britain,9.115281501,10
1968,Great Britain,10.02680965,11
1972,Great Britain,12.8150134,13
1976,Great Britain,10.58981233,11
1980,Great Britain,10.13404826,11
1984,Great Britain,15.09383378,16
1988,Great Britain,14.50402145,15
1992,Great Britain,15.33512064,16
1994,Great Britain,0.884718499,1
1996,Great Britain,10,10
1998,Great Britain,0.938337802,1
2000,Great Britain,10.64343164,11
2002,Great Britain,1.286863271,2
2004,Great Britain,9.27613941,10
2006,Great Britain,1.286863271,2
2008,Great Britain,10.91152815,11
2010,Great Britain,1.662198391,2
2012,Great Britain,17.85522788,18
2014,Great Britain,1.715817694,2
2016,Great Britain,12.43967828,13
1896,Italy,0,0
1900,Italy,1.186440678,2
1904,Italy,0,0
1906,Italy,1.559322034,2
1908,Italy,3.254237288,4
1912,Italy,3.220338983,4
1920,Italy,9.830508475,10
1924,Italy,11.62711864,12
1928,Italy,9.389830508,10
1932,Italy,5.728813559,6
1936,Italy,12.54237288,13
1948,Italy,12.33898305,13
1952,Italy,13.62711864,14
1956,Italy,9.355932203,10
1960,Italy,15.22033898,16
1964,Italy,10.91525424,11
1968,Italy,11.18644068,12
1972,Italy,13.45762712,14
1976,Italy,12.98305085,13
1980,Italy,9.084745763,10
1984,Italy,15.86440678,16
1988,Italy,15.66101695,16
1992,Italy,20,20
1994,Italy,5.93220339,6
1996,Italy,15.55932203,16
1998,Italy,5.355932203,6
2000,Italy,15.3220339,16
2002,Italy,6.271186441,7
2004,Italy,15.89830508,16
2006,Italy,8.983050847,9
2008,Italy,15.38983051,16
2010,Italy,6.610169492,7
2012,Italy,12.6440678,13
2014,Italy,7.254237288,8
2016,Italy,13.3559322,14
1896,Germany,2.268292683,3
1900,Germany,1,1
1904,Germany,1.243902439,2
1906,Germany,3.829268293,4
1908,Germany,3.463414634,4
1912,Germany,6.951219512,7
1920,Germany,0,0
1924,Germany,0,0
1928,Germany,10.6097561,11
1932,Germany,5.195121951,6
1936,Germany,15.07317073,16
1948,Germany,0,0
1952,Germany,10.26829268,11
1956,Germany,8.073170732,9
1960,Germany,12.6097561,13
1964,Germany,14.36585366,15
1968,Germany,0,0
1972,Germany,0,0
1976,Germany,0,0
1980,Germany,0,0
1984,Germany,0,0
1988,Germany,0,0
1992,Germany,20,20
1994,Germany,3.951219512,4
1996,Germany,15.07317073,16
1998,Germany,4.804878049,5
2000,Germany,13.43902439,14
2002,Germany,5.829268293,6
2004,Germany,14.04878049,15
2006,Germany,5.829268293,6
2008,Germany,13.34146341,14
2010,Germany,5.536585366,6
2012,Germany,12.04878049,13
2014,Germany,5.731707317,6
2016,Germany,12.87804878,13
1896,Canada,0,0
1900,Canada,0.210526316,1
1904,Canada,0.45112782,1
1906,Canada,0.120300752,1
1908,Canada,4,4
1912,Canada,1.533834586,2
1920,Canada,2.556390977,3
1924,Canada,3.007518797,4
1928,Canada,4.330827068,5
1932,Canada,6.857142857,7
1936,Canada,6.105263158,7
1948,Canada,6.947368421,7
1952,Canada,6.135338346,7
1956,Canada,5.744360902,6
1960,Canada,6.045112782,7
1964,Canada,7.84962406,8
1968,Canada,11.84962406,12
1972,Canada,12.66165414,13
1976,Canada,18.64661654,19
1980,Canada,2.466165414,3
1984,Canada,19.63909774,20
1988,Canada,20,20
1992,Canada,18.19548872,19
1994,Canada,3.939849624,4
1996,Canada,11.90977444,12
1998,Canada,5.654135338,6
2000,Canada,12.33082707,13
2002,Canada,5.92481203,6
2004,Canada,11.51879699,12
2006,Canada,8.330827068,9
2008,Canada,13.41353383,14
2010,Canada,8.390977444,9
2012,Canada,10.64661654,11
2014,Canada,9.714285714,10
2016,Canada,11.93984962,12
1896,Japan,0,0
1900,Japan,0,0
1904,Japan,0,0
1906,Japan,0,0
1908,Japan,0,0
1912,Japan,0.150659134,1
1920,Japan,0.979284369,1
1924,Japan,1.242937853,2
1928,Japan,2.485875706,3
1932,Japan,8.888888889,9
1936,Japan,13.97363465,14
1948,Japan,0,0
1952,Japan,5.951035782,6
1956,Japan,9.34086629,10
1960,Japan,13.03201507,14
1964,Japan,20,20
1968,Japan,14.46327684,15
1972,Japan,15.48022599,16
1976,Japan,15.48022599,16
1980,Japan,3.013182674,4
1984,Japan,16.42184557,17
1988,Japan,19.47269303,20
1992,Japan,19.05838041,20
1994,Japan,4.557438795,5
1996,Japan,16.27118644,17
1998,Japan,8.775894539,9
2000,Japan,13.06967985,14
2002,Japan,7.495291902,8
2004,Japan,15.14124294,16
2006,Japan,7.156308851,8
2008,Japan,16.79849341,17
2010,Japan,5.762711864,6
2012,Japan,14.87758945,15
2014,Japan,6.440677966,7
2016,Japan,16.42184557,17
1896,Sweden,0.16286645,1
1900,Sweden,0.781758958,1
1904,Sweden,0,0
1906,Sweden,3.094462541,4
1908,Sweden,8.566775244,9
1912,Sweden,20,20
1920,Sweden,12.54071661,13
1924,Sweden,9.446254072,10
1928,Sweden,5.179153094,6
1932,Sweden,4.560260586,5
1936,Sweden,8.338762215,9
1948,Sweden,9.153094463,10
1952,Sweden,13.81107492,14
1956,Sweden,8.501628664,9
1960,Sweden,10.42345277,11
1964,Sweden,8.599348534,9
1968,Sweden,9.576547231,10
1972,Sweden,9.348534202,10
1976,Sweden,7.850162866,8
1980,Sweden,10.09771987,11
1984,Sweden,11.46579805,12
1988,Sweden,12.14983713,13
1992,Sweden,12.37785016,13
1994,Sweden,4.918566775,5
1996,Sweden,7.328990228,8
1998,Sweden,4.755700326,5
2000,Sweden,6.319218241,7
2002,Sweden,5.179153094,6
2004,Sweden,5.048859935,6
2006,Sweden,5.472312704,6
2008,Sweden,5.276872964,6
2010,Sweden,5.602605863,6
2012,Sweden,5.472312704,6
2014,Sweden,4.820846906,5
2016,Sweden,6.058631922,7
1896,Australia,0.104986877,1
1900,Australia,0.131233596,1
1904,Australia,0.157480315,1
1906,Australia,0.262467192,1
1908,Australia,0,0
1912,Australia,0,0
1920,Australia,0.761154856,1
1924,Australia,1.601049869,2
1928,Australia,0.761154856,1
1932,Australia,0.524934383,1
1936,Australia,1.102362205,2
1948,Australia,2.650918635,3
1952,Australia,4.041994751,5
1956,Australia,10.99737533,11
1960,Australia,8.083989501,9
1964,Australia,10.39370079,11
1968,Australia,6.062992126,7
1972,Australia,7.296587927,8
1976,Australia,7.690288714,8
1980,Australia,5.485564304,6
1984,Australia,9.37007874,10
1988,Australia,9.737532808,10
1992,Australia,11.31233596,12
1994,Australia,1.233595801,2
1996,Australia,14.22572178,15
1998,Australia,0.892388451,1
2000,Australia,20,20
2002,Australia,1.076115486,2
2004,Australia,15.35433071,16
2006,Australia,1.181102362,2
2008,Australia,14.67191601,15
2010,Australia,1.154855643,2
2012,Australia,13.2808399,14
2014,Australia,2.204724409,3
2016,Australia,13.38582677,14
1896,Hungary,0.880195599,1
1900,Hungary,1.662591687,2
1904,Hungary,0.4400978,1
1906,Hungary,4.841075795,5
1908,Hungary,4.792176039,5
1912,Hungary,9.486552567,10
1920,Hungary,0,0
1924,Hungary,6.943765281,7
1928,Hungary,11.24694377,12
1932,Hungary,5.770171149,6
1936,Hungary,17.55501222,18
1948,Hungary,12.76283619,13
1952,Hungary,17.70171149,18
1956,Hungary,9.731051345,10
1960,Hungary,15.25672372,16
1964,Hungary,17.65281174,18
1968,Hungary,15.84352078,16
1972,Hungary,17.99511002,18
1976,Hungary,14.22982885,15
1980,Hungary,19.26650367,20
1984,Hungary,0.782396088,1
1988,Hungary,15.74572127,16
1992,Hungary,20,20
1994,Hungary,1.369193154,2
1996,Hungary,15.40342298,16
1998,Hungary,1.173594132,2
2000,Hungary,11.63814181,12
2002,Hungary,2.249388753,3
2004,Hungary,12.4205379,13
2006,Hungary,1.564792176,2
2008,Hungary,10.56234719,11
2010,Hungary,1.564792176,2
2012,Hungary,9.828850856,10
2014,Hungary,1.809290954,2
2016,Hungary,9.975550122,10
1896,London,0,0
1900,London,0,0
1904,London,0,0
1906,London,0,0
1908,London,4.800309598,5
1912,London,0,0
1920,London,0,0
1924,London,0,0
1928,London,0,0
1932,London,0,0
1936,London,0,0
1948,London,9.914860681,10
1952,London,0,0
1956,London,0,0
1960,London,0,0
1964,London,0,0
1968,London,0,0
1972,London,0,0
1976,London,0,0
1980,London,0,0
1984,London,0,0
1988,London,0,0
1992,London,0,0
1994,London,0,0
1996,London,0,0
1998,London,0,0
2000,London,0,0
2002,London,0,0
2004,London,0,0
2006,London,0,0
2008,London,0,0
2010,London,0,0
2012,London,20,20
2014,London,0,0
2016,London,0,0
1896,Athina,0.565349996,1
1900,Athina,0,0
1904,Athina,0,0
1906,Athina,2.578293536,3
1908,Athina,0,0
1912,Athina,0,0
1920,Athina,0,0
1924,Athina,0,0
1928,Athina,0,0
1932,Athina,0,0
1936,Athina,0,0
1948,Athina,0,0
1952,Athina,0,0
1956,Athina,0,0
1960,Athina,0,0
1964,Athina,0,0
1968,Athina,0,0
1972,Athina,0,0
1976,Athina,0,0
1980,Athina,0,0
1984,Athina,0,0
1988,Athina,0,0
1992,Athina,0,0
1994,Athina,0,0
1996,Athina,0,0
1998,Athina,0,0
2000,Athina,0,0
2002,Athina,0,0
2004,Athina,20,20
2006,Athina,0,0
2008,Athina,0,0
2010,Athina,0,0
2012,Athina,0,0
2014,Athina,0,0
2016,Athina,0,0
1896,Sydney,0,0
1900,Sydney,0,0
1904,Sydney,0,0
1906,Sydney,0,0
1908,Sydney,0,0
1912,Sydney,0,0
1920,Sydney,0,0
1924,Sydney,0,0
1928,Sydney,0,0
1932,Sydney,0,0
1936,Sydney,0,0
1948,Sydney,0,0
1952,Sydney,0,0
1956,Sydney,0,0
1960,Sydney,0,0
1964,Sydney,0,0
1968,Sydney,0,0
1972,Sydney,0,0
1976,Sydney,0,0
1980,Sydney,0,0
1984,Sydney,0,0
1988,Sydney,0,0
1992,Sydney,0,0
1994,Sydney,0,0
1996,Sydney,0,0
1998,Sydney,0,0
2000,Sydney,20,20
2002,Sydney,0,0
2004,Sydney,0,0
2006,Sydney,0,0
2008,Sydney,0,0
2010,Sydney,0,0
2012,Sydney,0,0
2014,Sydney,0,0
2016,Sydney,0,0
1896,Atlanta,0,0
1900,Atlanta,0,0
1904,Atlanta,0,0
1906,Atlanta,0,0
1908,Atlanta,0,0
1912,Atlanta,0,0
1920,Atlanta,0,0
1924,Atlanta,0,0
1928,Atlanta,0,0
1932,Atlanta,0,0
1936,Atlanta,0,0
1948,Atlanta,0,0
1952,Atlanta,0,0
1956,Atlanta,0,0
1960,Atlanta,0,0
1964,Atlanta,0,0
1968,Atlanta,0,0
1972,Atlanta,0,0
1976,Atlanta,0,0
1980,Atlanta,0,0
1984,Atlanta,0,0
1988,Atlanta,0,0
1992,Atlanta,0,0
1994,Atlanta,0,0
1996,Atlanta,20,20
1998,Atlanta,0,0
2000,Atlanta,0,0
2002,Atlanta,0,0
2004,Atlanta,0,0
2006,Atlanta,0,0
2008,Atlanta,0,0
2010,Atlanta,0,0
2012,Atlanta,0,0
2014,Atlanta,0,0
2016,Atlanta,0,0
1896,Rio de Janeiro,0,0
1900,Rio de Janeiro,0,0
1904,Rio de Janeiro,0,0
1906,Rio de Janeiro,0,0
1908,Rio de Janeiro,0,0
1912,Rio de Janeiro,0,0
1920,Rio de Janeiro,0,0
1924,Rio de Janeiro,0,0
1928,Rio de Janeiro,0,0
1932,Rio de Janeiro,0,0
1936,Rio de Janeiro,0,0
1948,Rio de Janeiro,0,0
1952,Rio de Janeiro,0,0
1956,Rio de Janeiro,0,0
1960,Rio de Janeiro,0,0
1964,Rio de Janeiro,0,0
1968,Rio de Janeiro,0,0
1972,Rio de Janeiro,0,0
1976,Rio de Janeiro,0,0
1980,Rio de Janeiro,0,0
1984,Rio de Janeiro,0,0
1988,Rio de Janeiro,0,0
1992,Rio de Janeiro,0,0
1994,Rio de Janeiro,0,0
1996,Rio de Janeiro,0,0
1998,Rio de Janeiro,0,0
2000,Rio de Janeiro,0,0
2002,Rio de Janeiro,0,0
2004,Rio de Janeiro,0,0
2006,Rio de Janeiro,0,0
2008,Rio de Janeiro,0,0
2010,Rio de Janeiro,0,0
2012,Rio de Janeiro,0,0
2014,Rio de Janeiro,0,0
2016,Rio de Janeiro,20,20
1896,Beijing,0,0
1900,Beijing,0,0
1904,Beijing,0,0
1906,Beijing,0,0
1908,Beijing,0,0
1912,Beijing,0,0
1920,Beijing,0,0
1924,Beijing,0,0
1928,Beijing,0,0
1932,Beijing,0,0
1936,Beijing,0,0
1948,Beijing,0,0
1952,Beijing,0,0
1956,Beijing,0,0
1960,Beijing,0,0
1964,Beijing,0,0
1968,Beijing,0,0
1972,Beijing,0,0
1976,Beijing,0,0
1980,Beijing,0,0
1984,Beijing,0,0
1988,Beijing,0,0
1992,Beijing,0,0
1994,Beijing,0,0
1996,Beijing,0,0
1998,Beijing,0,0
2000,Beijing,0,0
2002,Beijing,0,0
2004,Beijing,0,0
2006,Beijing,0,0
2008,Beijing,20,20
2010,Beijing,0,0
2012,Beijing,0,0
2014,Beijing,0,0
2016,Beijing,0,0
1896,Barcelona,0,0
1900,Barcelona,0,0
1904,Barcelona,0,0
1906,Barcelona,0,0
1908,Barcelona,0,0
1912,Barcelona,0,0
1920,Barcelona,0,0
1924,Barcelona,0,0
1928,Barcelona,0,0
1932,Barcelona,0,0
1936,Barcelona,0,0
1948,Barcelona,0,0
1952,Barcelona,0,0
1956,Barcelona,0,0
1960,Barcelona,0,0
1964,Barcelona,0,0
1968,Barcelona,0,0
1972,Barcelona,0,0
1976,Barcelona,0,0
1980,Barcelona,0,0
1984,Barcelona,0,0
1988,Barcelona,0,0
1992,Barcelona,20,20
1994,Barcelona,0,0
1996,Barcelona,0,0
1998,Barcelona,0,0
2000,Barcelona,0,0
2002,Barcelona,0,0
2004,Barcelona,0,0
2006,Barcelona,0,0
2008,Barcelona,0,0
2010,Barcelona,0,0
2012,Barcelona,0,0
2014,Barcelona,0,0
2016,Barcelona,0,0
1896,Los Angeles,0,0
1900,Los Angeles,0,0
1904,Los Angeles,0,0
1906,Los Angeles,0,0
1908,Los Angeles,0,0
1912,Los Angeles,0,0
1920,Los Angeles,0,0
1924,Los Angeles,0,0
1928,Los Angeles,0,0
1932,Los Angeles,6.280939285,7
1936,Los Angeles,0,0
1948,Los Angeles,0,0
1952,Los Angeles,0,0
1956,Los Angeles,0,0
1960,Los Angeles,0,0
1964,Los Angeles,0,0
1968,Los Angeles,0,0
1972,Los Angeles,0,0
1976,Los Angeles,0,0
1980,Los Angeles,0,0
1984,Los Angeles,20,20
1988,Los Angeles,0,0
1992,Los Angeles,0,0
1994,Los Angeles,0,0
1996,Los Angeles,0,0
1998,Los Angeles,0,0
2000,Los Angeles,0,0
2002,Los Angeles,0,0
2004,Los Angeles,0,0
2006,Los Angeles,0,0
2008,Los Angeles,0,0
2010,Los Angeles,0,0
2012,Los Angeles,0,0
2014,Los Angeles,0,0
2016,Los Angeles,0,0
1896,Seoul,0,0
1900,Seoul,0,0
1904,Seoul,0,0
1906,Seoul,0,0
1908,Seoul,0,0
1912,Seoul,0,0
1920,Seoul,0,0
1924,Seoul,0,0
1928,Seoul,0,0
1932,Seoul,0,0
1936,Seoul,0,0
1948,Seoul,0,0
1952,Seoul,0,0
1956,Seoul,0,0
1960,Seoul,0,0
1964,Seoul,0,0
1968,Seoul,0,0
1972,Seoul,0,0
1976,Seoul,0,0
1980,Seoul,0,0
1984,Seoul,0,0
1988,Seoul,20,20
1992,Seoul,0,0
1994,Seoul,0,0
1996,Seoul,0,0
1998,Seoul,0,0
2000,Seoul,0,0
2002,Seoul,0,0
2004,Seoul,0,0
2006,Seoul,0,0
2008,Seoul,0,0
2010,Seoul,0,0
2012,Seoul,0,0
2014,Seoul,0,0
2016,Seoul,0,0
1896,Munich,0,0
1900,Munich,0,0
1904,Munich,0,0
1906,Munich,0,0
1908,Munich,0,0
1912,Munich,0,0
1920,Munich,0,0
1924,Munich,0,0
1928,Munich,0,0
1932,Munich,0,0
1936,Munich,0,0
1948,Munich,0,0
1952,Munich,0,0
1956,Munich,0,0
1960,Munich,0,0
1964,Munich,0,0
1968,Munich,0,0
1972,Munich,20,20
1976,Munich,0,0
1980,Munich,0,0
1984,Munich,0,0
1988,Munich,0,0
1992,Munich,0,0
1994,Munich,0,0
1996,Munich,0,0
1998,Munich,0,0
2000,Munich,0,0
2002,Munich,0,0
2004,Munich,0,0
2006,Munich,0,0
2008,Munich,0,0
2010,Munich,0,0
2012,Munich,0,0
2014,Munich,0,0
2016,Munich,0,0
1896,Athletics,0.845295056,1
1900,Athletics,1.866028708,2
1904,Athletics,1.602870813,2
1906,Athletics,3.74800638,4
1908,Athletics,6.20414673,7
1912,Athletics,7.671451356,8
1920,Athletics,6.770334928,7
1924,Athletics,7.998405104,8
1928,Athletics,7.910685805,8
1932,Athletics,4.162679426,5
1936,Athletics,8.03030303,9
1948,Athletics,8.381180223,9
1952,Athletics,10.71770335,11
1956,Athletics,8.07814992,9
1960,Athletics,10.46251994,11
1964,Athletics,10.64593301,11
1968,Athletics,10.72567783,11
1972,Athletics,13.44497608,14
1976,Athletics,10.34290271,11
1980,Athletics,10.11164274,11
1984,Athletics,13.3492823,14
1988,Athletics,16.44338118,17
1992,Athletics,16.37958533,17
1994,Athletics,0,0
1996,Athletics,19.02711324,20
1998,Athletics,0,0
2000,Athletics,19.68102073,20
2002,Athletics,0,0
2004,Athletics,17.34449761,18
2006,Athletics,0,0
2008,Athletics,17.89473684,18
2010,Athletics,0,0
2012,Athletics,18.16586922,19
2014,Athletics,0,0
2016,Athletics,20,20
1896,Gymnastics,0.811375993,1
1900,Gymnastics,1.12923463,2
1904,Gymnastics,3.831033041,4
1906,Gymnastics,1.30489335,2
1908,Gymnastics,2.919280636,3
1912,Gymnastics,2.593057298,3
1920,Gymnastics,2.199916353,3
1924,Gymnastics,5.336679214,6
1928,Gymnastics,5.554161439,6
1932,Gymnastics,1.229611041,2
1936,Gymnastics,7.921371811,8
1948,Gymnastics,8.86658302,9
1952,Gymnastics,20,20
1956,Gymnastics,7.636971978,8
1960,Gymnastics,14.60476788,15
1964,Gymnastics,12.41321623,13
1968,Gymnastics,12.51359264,13
1972,Gymnastics,13.24968632,14
1976,Gymnastics,10.07109996,11
1980,Gymnastics,7.243831033,8
1984,Gymnastics,7.779171895,8
1988,Gymnastics,10.17984107,11
1992,Gymnastics,10.49769971,11
1994,Gymnastics,0,0
1996,Gymnastics,11.68548724,12
1998,Gymnastics,0,0
2000,Gymnastics,9.5692179,10
2002,Gymnastics,0,0
2004,Gymnastics,9.627770807,10
2006,Gymnastics,0,0
2008,Gymnastics,8.331242158,9
2010,Gymnastics,0,0
2012,Gymnastics,7.093266416,8
2014,Gymnastics,0,0
2016,Gymnastics,7.202007528,8
1896,Swimming,0.205831904,1
1900,Swimming,1.497998856,2
1904,Swimming,0.73184677,1
1906,Swimming,0.89193825,1
1908,Swimming,1.715265866,2
1912,Swimming,2.298456261,3
1920,Swimming,2.389937107,3
1924,Swimming,3.007432819,4
1928,Swimming,3.178959405,4
1932,Swimming,2.229845626,3
1936,Swimming,4.162378502,5
1948,Swimming,4.551172098,5
1952,Swimming,5.523156089,6
1956,Swimming,4.070897656,5
1960,Swimming,7.204116638,8
1964,Swimming,8.41623785,9
1968,Swimming,14.07661521,15
1972,Swimming,14.44253859,15
1976,Swimming,12.30417381,13
1980,Swimming,8.702115495,9
1984,Swimming,14.08805031,15
1988,Swimming,18.45626072,19
1992,Swimming,18.46769583,19
1994,Swimming,0,0
1996,Swimming,18.69639794,19
1998,Swimming,0,0
2000,Swimming,19.90851915,20
2002,Swimming,0,0
2004,Swimming,18.50200114,19
2006,Swimming,0,0
2008,Swimming,20,20
2010,Swimming,0,0
2012,Swimming,17.58719268,18
2014,Swimming,0,0
2016,Swimming,17.93024585,18
1896,Shooting,1.551312649,2
1900,Shooting,5.274463007,6
1904,Shooting,0,0
1906,Shooting,7.637231504,8
1908,Shooting,10.59665871,11
1912,Shooting,18.94988067,19
1920,Shooting,20,20
1924,Shooting,12.12410501,13
1928,Shooting,0,0
1932,Shooting,1.050119332,2
1936,Shooting,3.866348449,4
1948,Shooting,5.155131265,6
1952,Shooting,6.897374702,7
1956,Shooting,5.22673031,6
1960,Shooting,9.284009547,10
1964,Shooting,7.446300716,8
1968,Shooting,9.785202864,10
1972,Shooting,11.26491647,12
1976,Shooting,8.806682578,9
1980,Shooting,6.372315036,7
1984,Shooting,12.86396181,13
1988,Shooting,13.0071599,14
1992,Shooting,13.46062053,14
1994,Shooting,0,0
1996,Shooting,14.60620525,15
1998,Shooting,0,0
2000,Shooting,14.29594272,15
2002,Shooting,0,0
2004,Shooting,13.31742243,14
2006,Shooting,0,0
2008,Shooting,13.77088305,14
2010,Shooting,0,0
2012,Shooting,13.36515513,14
2014,Shooting,0,0
2016,Shooting,13.24582339,14
1896,Cycling,1.229385307,2
1900,Cycling,2.75862069,3
1904,Cycling,1.829085457,2
1906,Cycling,4.137931034,5
1908,Cycling,8.065967016,9
1912,Cycling,7.256371814,8
1920,Cycling,6.356821589,7
1924,Cycling,7.466266867,8
1928,Cycling,6.806596702,7
1932,Cycling,3.268365817,4
1936,Cycling,9.025487256,10
1948,Cycling,9.595202399,10
1952,Cycling,11.66416792,12
1956,Cycling,8.755622189,9
1960,Cycling,12.68365817,13
1964,Cycling,13.52323838,14
1968,Cycling,14.48275862,15
1972,Cycling,15.77211394,16
1976,Cycling,11.75412294,12
1980,Cycling,9.205397301,10
1984,Cycling,14.24287856,15
1988,Cycling,15.53223388,16
1992,Cycling,16.97151424,17
1994,Cycling,0,0
1996,Cycling,17.51124438,18
1998,Cycling,0,0
2000,Cycling,18.62068966,19
2002,Cycling,0,0
2004,Cycling,18.68065967,19
2006,Cycling,0,0
2008,Cycling,19.55022489,20
2010,Cycling,0,0
2012,Cycling,18.86056972,19
2014,Cycling,0,0
2016,Cycling,20,20
1896,Fencing,0.499168053,1
1900,Fencing,10.54908486,11
1904,Fencing,0.931780366,1
1906,Fencing,5.357737105,6
1908,Fencing,7.986688852,8
1912,Fencing,12.61231281,13
1920,Fencing,11.64725458,12
1924,Fencing,14.10981697,15
1928,Fencing,14.30948419,15
1932,Fencing,6.389351082,7
1936,Fencing,18.50249584,19
1948,Fencing,16.90515807,17
1952,Fencing,16.93843594,17
1956,Fencing,9.25124792,10
1960,Fencing,20,20
1964,Fencing,16.00665557,17
1968,Fencing,16.30615641,17
1972,Fencing,16.60565724,17
1976,Fencing,16.13976705,17
1980,Fencing,10.68219634,11
1984,Fencing,14.10981697,15
1988,Fencing,16.83860233,17
1992,Fencing,15.24126456,16
1994,Fencing,0,0
1996,Fencing,12.91181364,13
1998,Fencing,0,0
2000,Fencing,11.61397671,12
2002,Fencing,0,0
2004,Fencing,10.74875208,11
2006,Fencing,0,0
2008,Fencing,11.04825291,12
2010,Fencing,0,0
2012,Fencing,11.48086522,12
2014,Fencing,0,0
2016,Fencing,11.51414309,12
1896,Rowing,0,0
1900,Rowing,4.024205749,5
1904,Rowing,1.39183056,2
1906,Rowing,6.051437216,7
1908,Rowing,2.632375189,3
1912,Rowing,5.960665658,6
1920,Rowing,4.357034796,5
1924,Rowing,5.930408472,6
1928,Rowing,7.473524962,8
1932,Rowing,5.02269289,6
1936,Rowing,10.52950076,11
1948,Rowing,9.621785174,10
1952,Rowing,12.28441755,13
1956,Rowing,7.806354009,8
1960,Rowing,13.0408472,14
1964,Rowing,11.43721634,12
1968,Rowing,10.83207262,11
1972,Rowing,13.37367625,14
1976,Rowing,18.09379728,19
1980,Rowing,14.76550681,15
1984,Rowing,14.06959153,15
1988,Rowing,18.88048411,19
1992,Rowing,20,20
1994,Rowing,0,0
1996,Rowing,18.78971256,19
1998,Rowing,0,0
2000,Rowing,16.97428139,17
2002,Rowing,0,0
2004,Rowing,16.91376702,17
2006,Rowing,0,0
2008,Rowing,17.03479576,18
2010,Rowing,0,0
2012,Rowing,16.64145234,17
2014,Rowing,0,0
2016,Rowing,16.64145234,17
1896,Cross Country Skiing,0,0
1900,Cross Country Skiing,0,0
1904,Cross Country Skiing,0,0
1906,Cross Country Skiing,0,0
1908,Cross Country Skiing,0,0
1912,Cross Country Skiing,0,0
1920,Cross Country Skiing,0,0
1924,Cross Country Skiing,1.822660099,2
1928,Cross Country Skiing,2.216748768,3
1932,Cross Country Skiing,1.822660099,2
1936,Cross Country Skiing,4.310344828,5
1948,Cross Country Skiing,3.842364532,4
1952,Cross Country Skiing,4.630541872,5
1956,Cross Country Skiing,6.773399015,7
1960,Cross Country Skiing,5.320197044,6
1964,Cross Country Skiing,8.177339901,9
1968,Cross Country Skiing,8.472906404,9
1972,Cross Country Skiing,8.251231527,9
1976,Cross Country Skiing,9.729064039,10
1980,Cross Country Skiing,7.610837438,8
1984,Cross Country Skiing,11.74876847,12
1988,Cross Country Skiing,13.00492611,14
1992,Cross Country Skiing,17.66009852,18
1994,Cross Country Skiing,15.73891626,16
1996,Cross Country Skiing,0,0
1998,Cross Country Skiing,18.05418719,19
2000,Cross Country Skiing,0,0
2002,Cross Country Skiing,19.06403941,20
2004,Cross Country Skiing,0,0
2006,Cross Country Skiing,20,20
2008,Cross Country Skiing,0,0
2010,Cross Country Skiing,17.85714286,18
2012,Cross Country Skiing,0,0
2014,Cross Country Skiing,18.84236453,19
2016,Cross Country Skiing,0,0
1896,Alpine Skiing,0,0
1900,Alpine Skiing,0,0
1904,Alpine Skiing,0,0
1906,Alpine Skiing,0,0
1908,Alpine Skiing,0,0
1912,Alpine Skiing,0,0
1920,Alpine Skiing,0,0
1924,Alpine Skiing,0,0
1928,Alpine Skiing,0,0
1932,Alpine Skiing,0,0
1936,Alpine Skiing,2.746666667,3
1948,Alpine Skiing,9.6,10
1952,Alpine Skiing,10.08,11
1956,Alpine Skiing,10.74666667,11
1960,Alpine Skiing,8.533333333,9
1964,Alpine Skiing,10.96,11
1968,Alpine Skiing,11.25333333,12
1972,Alpine Skiing,8.666666667,9
1976,Alpine Skiing,10.4,11
1980,Alpine Skiing,8.72,9
1984,Alpine Skiing,10.69333333,11
1988,Alpine Skiing,17.81333333,18
1992,Alpine Skiing,20,20
1994,Alpine Skiing,14.50666667,15
1996,Alpine Skiing,0,0
1998,Alpine Skiing,12.72,13
2000,Alpine Skiing,0,0
2002,Alpine Skiing,14.90666667,15
2004,Alpine Skiing,0,0
2006,Alpine Skiing,16.50666667,17
2008,Alpine Skiing,0,0
2010,Alpine Skiing,18.26666667,19
2012,Alpine Skiing,0,0
2014,Alpine Skiing,18.32,19
2016,Alpine Skiing,0,0
1896,Wrestling,0.218818381,1
1900,Wrestling,0,0
1904,Wrestling,2.100656455,3
1906,Wrestling,1.70678337,2
1908,Wrestling,5.820568928,6
1912,Wrestling,7.439824945,8
1920,Wrestling,7.04595186,8
1924,Wrestling,10.67833698,11
1928,Wrestling,7.396061269,8
1932,Wrestling,3.938730853,4
1936,Wrestling,9.190371991,10
1948,Wrestling,10.02188184,11
1952,Wrestling,11.46608315,12
1956,Wrestling,8.533916849,9
1960,Wrestling,14.74835886,15
1964,Wrestling,13.2166302,14
1968,Wrestling,14.57330416,15
1972,Wrestling,17.89934354,18
1976,Wrestling,15.27352298,16
1980,Wrestling,11.81619256,12
1984,Wrestling,12.51641138,13
1988,Wrestling,20,20
1992,Wrestling,16.23632385,17
1994,Wrestling,0,0
1996,Wrestling,17.54923414,18
1998,Wrestling,0,0
2000,Wrestling,13.74179431,14
2002,Wrestling,0,0
2004,Wrestling,14.96717724,15
2006,Wrestling,0,0
2008,Wrestling,15.01094092,16
2010,Wrestling,0,0
2012,Wrestling,14.83588621,15
2014,Wrestling,0,0
2016,Wrestling,15.14223195,16
1896,Football Men's Football,0,0
1900,Football Men's Football,2.380952381,3
1904,Football Men's Football,2.448979592,3
1906,Football Men's Football,3.06122449,4
1908,Football Men's Football,4.897959184,5
1912,Football Men's Football,11.08843537,12
1920,Football Men's Football,12.92517007,13
1924,Football Men's Football,18.97959184,19
1928,Football Men's Football,14.89795918,15
1932,Football Men's Football,0,0
1936,Football Men's Football,13.67346939,14
1948,Football Men's Football,14.82993197,15
1952,Football Men's Football,20,20
1956,Football Men's Football,9.727891156,10
1960,Football Men's Football,15.98639456,16
1964,Football Men's Football,14.55782313,15
1968,Football Men's Football,18.57142857,19
1972,Football Men's Football,18.29931973,19
1976,Football Men's Football,13.7414966,14
1980,Football Men's Football,17.41496599,18
1984,Football Men's Football,16.73469388,17
1988,Football Men's Football,18.36734694,19
1992,Football Men's Football,18.50340136,19
1994,Football Men's Football,0,0
1996,Football Men's Football,17.95918367,18
1998,Football Men's Football,0,0
2000,Football Men's Football,18.16326531,19
2002,Football Men's Football,0,0
2004,Football Men's Football,17.61904762,18
2006,Football Men's Football,0,0
2008,Football Men's Football,18.63945578,19
2010,Football Men's Football,0,0
2012,Football Men's Football,18.16326531,19
2014,Football Men's Football,0,0
2016,Football Men's Football,18.36734694,19
1896,Ice Hockey Men's Ice Hockey,0,0
1900,Ice Hockey Men's Ice Hockey,0,0
1904,Ice Hockey Men's Ice Hockey,0,0
1906,Ice Hockey Men's Ice Hockey,0,0
1908,Ice Hockey Men's Ice Hockey,0,0
1912,Ice Hockey Men's Ice Hockey,0,0
1920,Ice Hockey Men's Ice Hockey,3.846153846,4
1924,Ice Hockey Men's Ice Hockey,5.256410256,6
1928,Ice Hockey Men's Ice Hockey,7.948717949,8
1932,Ice Hockey Men's Ice Hockey,3.076923077,4
1936,Ice Hockey Men's Ice Hockey,11.08974359,12
1948,Ice Hockey Men's Ice Hockey,8.91025641,9
1952,Ice Hockey Men's Ice Hockey,9.423076923,10
1956,Ice Hockey Men's Ice Hockey,10.83333333,11
1960,Ice Hockey Men's Ice Hockey,9.743589744,10
1964,Ice Hockey Men's Ice Hockey,17.30769231,18
1968,Ice Hockey Men's Ice Hockey,16.02564103,17
1972,Ice Hockey Men's Ice Hockey,13.33333333,14
1976,Ice Hockey Men's Ice Hockey,13.91025641,14
1980,Ice Hockey Men's Ice Hockey,15.32051282,16
1984,Ice Hockey Men's Ice Hockey,15.32051282,16
1988,Ice Hockey Men's Ice Hockey,16.98717949,17
1992,Ice Hockey Men's Ice Hockey,17.11538462,18
1994,Ice Hockey Men's Ice Hockey,17.17948718,18
1996,Ice Hockey Men's Ice Hockey,0,0
1998,Ice Hockey Men's Ice Hockey,19.61538462,20
2000,Ice Hockey Men's Ice Hockey,0,0
2002,Ice Hockey Men's Ice Hockey,20,20
2004,Ice Hockey Men's Ice Hockey,0,0
2006,Ice Hockey Men's Ice Hockey,18.07692308,19
2008,Ice Hockey Men's Ice Hockey,0,0
2010,Ice Hockey Men's Ice Hockey,16.66666667,17
2012,Ice Hockey Men's Ice Hockey,0,0
2014,Ice Hockey Men's Ice Hockey,18.26923077,19
2016,Ice Hockey Men's Ice Hockey,0,0
1896,Hockey Men's Hockey,0,0
1900,Hockey Men's Hockey,0,0
1904,Hockey Men's Hockey,0,0
1906,Hockey Men's Hockey,0,0
1908,Hockey Men's Hockey,5.171102662,6
1912,Hockey Men's Hockey,0,0
1920,Hockey Men's Hockey,3.878326996,4
1924,Hockey Men's Hockey,0,0
1928,Hockey Men's Hockey,10.41825095,11
1932,Hockey Men's Hockey,3.041825095,4
1936,Hockey Men's Hockey,12.69961977,13
1948,Hockey Men's Hockey,14.22053232,15
1952,Hockey Men's Hockey,11.9391635,12
1956,Hockey Men's Hockey,13.15589354,14
1960,Hockey Men's Hockey,17.94676806,18
1964,Hockey Men's Hockey,17.18631179,18
1968,Hockey Men's Hockey,19.23954373,20
1972,Hockey Men's Hockey,20,20
1976,Hockey Men's Hockey,13.07984791,14
1980,Hockey Men's Hockey,7.300380228,8
1984,Hockey Men's Hockey,14.4486692,15
1988,Hockey Men's Hockey,14.4486692,15
1992,Hockey Men's Hockey,14.37262357,15
1994,Hockey Men's Hockey,0,0
1996,Hockey Men's Hockey,14.60076046,15
1998,Hockey Men's Hockey,0,0
2000,Hockey Men's Hockey,14.52471483,15
2002,Hockey Men's Hockey,0,0
2004,Hockey Men's Hockey,14.60076046,15
2006,Hockey Men's Hockey,0,0
2008,Hockey Men's Hockey,14.90494297,15
2010,Hockey Men's Hockey,0,0
2012,Hockey Men's Hockey,14.90494297,15
2014,Hockey Men's Hockey,0,0
2016,Hockey Men's Hockey,14.90494297,15
1896,Water Polo Men's Water Polo,0,0
1900,Water Polo Men's Water Polo,5.54973822,6
1904,Water Polo Men's Water Polo,2.19895288,3
1906,Water Polo Men's Water Polo,0,0
1908,Water Polo Men's Water Polo,2.931937173,3
1912,Water Polo Men's Water Polo,4.712041885,5
1920,Water Polo Men's Water Polo,10.57591623,11
1924,Water Polo Men's Water Polo,10.57591623,11
1928,Water Polo Men's Water Polo,11.72774869,12
1932,Water Polo Men's Water Polo,4.293193717,5
1936,Water Polo Men's Water Polo,14.86910995,15
1948,Water Polo Men's Water Polo,16.33507853,17
1952,Water Polo Men's Water Polo,20,20
1956,Water Polo Men's Water Polo,10.05235602,11
1960,Water Polo Men's Water Polo,15.70680628,16
1964,Water Polo Men's Water Polo,14.34554974,15
1968,Water Polo Men's Water Polo,16.96335079,17
1972,Water Polo Men's Water Polo,18.42931937,19
1976,Water Polo Men's Water Polo,13.71727749,14
1980,Water Polo Men's Water Polo,13.82198953,14
1984,Water Polo Men's Water Polo,16.02094241,17
1988,Water Polo Men's Water Polo,16.33507853,17
1992,Water Polo Men's Water Polo,15.91623037,16
1994,Water Polo Men's Water Polo,0,0
1996,Water Polo Men's Water Polo,16.02094241,17
1998,Water Polo Men's Water Polo,0,0
2000,Water Polo Men's Water Polo,16.02094241,17
2002,Water Polo Men's Water Polo,0,0
2004,Water Polo Men's Water Polo,16.12565445,17
2006,Water Polo Men's Water Polo,0,0
2008,Water Polo Men's Water Polo,16.02094241,17
2010,Water Polo Men's Water Polo,0,0
2012,Water Polo Men's Water Polo,16.23036649,17
2014,Water Polo Men's Water Polo,0,0
2016,Water Polo Men's Water Polo,16.12565445,17
1896,Basketball Men's Basketball,0,0
1900,Basketball Men's Basketball,0,0
1904,Basketball Men's Basketball,0,0
1906,Basketball Men's Basketball,0,0
1908,Basketball Men's Basketball,0,0
1912,Basketball Men's Basketball,0,0
1920,Basketball Men's Basketball,0,0
1924,Basketball Men's Basketball,0,0
1928,Basketball Men's Basketball,0,0
1932,Basketball Men's Basketball,0,0
1936,Basketball Men's Basketball,13.53741497,14
1948,Basketball Men's Basketball,19.52380952,20
1952,Basketball Men's Basketball,20,20
1956,Basketball Men's Basketball,11.49659864,12
1960,Basketball Men's Basketball,13.06122449,14
1964,Basketball Men's Basketball,12.85714286,13
1968,Basketball Men's Basketball,12.99319728,13
1972,Basketball Men's Basketball,12.92517007,13
1976,Basketball Men's Basketball,9.591836735,10
1980,Basketball Men's Basketball,9.727891156,10
1984,Basketball Men's Basketball,9.659863946,10
1988,Basketball Men's Basketball,9.727891156,10
1992,Basketball Men's Basketball,9.659863946,10
1994,Basketball Men's Basketball,0,0
1996,Basketball Men's Basketball,9.591836735,10
1998,Basketball Men's Basketball,0,0
2000,Basketball Men's Basketball,9.795918367,10
2002,Basketball Men's Basketball,0,0
2004,Basketball Men's Basketball,9.795918367,10
2006,Basketball Men's Basketball,0,0
2008,Basketball Men's Basketball,9.795918367,10
2010,Basketball Men's Basketball,0,0
2012,Basketball Men's Basketball,9.795918367,10
2014,Basketball Men's Basketball,0,0
2016,Basketball Men's Basketball,9.591836735,10
1896,"Cycling Men's Road Race, Individual",0.765027322,1
1900,"Cycling Men's Road Race, Individual",0,0
1904,"Cycling Men's Road Race, Individual",0,0
1906,"Cycling Men's Road Race, Individual",2.62295082,3
1908,"Cycling Men's Road Race, Individual",0,0
1912,"Cycling Men's Road Race, Individual",13.44262295,14
1920,"Cycling Men's Road Race, Individual",5.027322404,6
1924,"Cycling Men's Road Race, Individual",7.759562842,8
1928,"Cycling Men's Road Race, Individual",8.196721311,9
1932,"Cycling Men's Road Race, Individual",3.825136612,4
1936,"Cycling Men's Road Race, Individual",10.81967213,11
1948,"Cycling Men's Road Race, Individual",11.03825137,12
1952,"Cycling Men's Road Race, Individual",12.13114754,13
1956,"Cycling Men's Road Race, Individual",9.617486339,10
1960,"Cycling Men's Road Race, Individual",15.51912568,16
1964,"Cycling Men's Road Race, Individual",14.42622951,15
1968,"Cycling Men's Road Race, Individual",15.73770492,16
1972,"Cycling Men's Road Race, Individual",17.81420765,18
1976,"Cycling Men's Road Race, Individual",14.64480874,15
1980,"Cycling Men's Road Race, Individual",12.56830601,13
1984,"Cycling Men's Road Race, Individual",14.75409836,15
1988,"Cycling Men's Road Race, Individual",14.86338798,15
1992,"Cycling Men's Road Race, Individual",16.83060109,17
1994,"Cycling Men's Road Race, Individual",0,0
1996,"Cycling Men's Road Race, Individual",20,20
1998,"Cycling Men's Road Race, Individual",0,0
2000,"Cycling Men's Road Race, Individual",16.83060109,17
2002,"Cycling Men's Road Race, Individual",0,0
2004,"Cycling Men's Road Race, Individual",15.73770492,16
2006,"Cycling Men's Road Race, Individual",0,0
2008,"Cycling Men's Road Race, Individual",15.6284153,16
2010,"Cycling Men's Road Race, Individual",0,0
2012,"Cycling Men's Road Race, Individual",15.73770492,16
2014,"Cycling Men's Road Race, Individual",0,0
2016,"Cycling Men's Road Race, Individual",15.73770492,16
1896,Gymnastics Men's Individual All-Around,0,0
1900,Gymnastics Men's Individual All-Around,14.59459459,15
1904,Gymnastics Men's Individual All-Around,12.64864865,13
1906,Gymnastics Men's Individual All-Around,2.702702703,3
1908,Gymnastics Men's Individual All-Around,10.27027027,11
1912,Gymnastics Men's Individual All-Around,4.756756757,5
1920,Gymnastics Men's Individual All-Around,2.702702703,3
1924,Gymnastics Men's Individual All-Around,7.783783784,8
1928,Gymnastics Men's Individual All-Around,9.513513514,10
1932,Gymnastics Men's Individual All-Around,2.594594595,3
1936,Gymnastics Men's Individual All-Around,12,12
1948,Gymnastics Men's Individual All-Around,13.2972973,14
1952,Gymnastics Men's Individual All-Around,20,20
1956,Gymnastics Men's Individual All-Around,6.810810811,7
1960,Gymnastics Men's Individual All-Around,14.05405405,15
1964,Gymnastics Men's Individual All-Around,14.05405405,15
1968,Gymnastics Men's Individual All-Around,12.64864865,13
1972,Gymnastics Men's Individual All-Around,12.21621622,13
1976,Gymnastics Men's Individual All-Around,9.72972973,10
1980,Gymnastics Men's Individual All-Around,7.027027027,8
1984,Gymnastics Men's Individual All-Around,7.675675676,8
1988,Gymnastics Men's Individual All-Around,9.621621622,10
1992,Gymnastics Men's Individual All-Around,10.05405405,11
1994,Gymnastics Men's Individual All-Around,0,0
1996,Gymnastics Men's Individual All-Around,12,12
1998,Gymnastics Men's Individual All-Around,0,0
2000,Gymnastics Men's Individual All-Around,10.48648649,11
2002,Gymnastics Men's Individual All-Around,0,0
2004,Gymnastics Men's Individual All-Around,10.59459459,11
2006,Gymnastics Men's Individual All-Around,0,0
2008,Gymnastics Men's Individual All-Around,10.59459459,11
2010,Gymnastics Men's Individual All-Around,0,0
2012,Gymnastics Men's Individual All-Around,4.432432432,5
2014,Gymnastics Men's Individual All-Around,0,0
2016,Gymnastics Men's Individual All-Around,5.405405405,6
1896,Rowing Men's Coxed Eights,0,0
1900,Rowing Men's Coxed Eights,6.518518519,7
1904,Rowing Men's Coxed Eights,2.666666667,3
1906,Rowing Men's Coxed Eights,0,0
1908,Rowing Men's Coxed Eights,8,8
1912,Rowing Men's Coxed Eights,14.66666667,15
1920,Rowing Men's Coxed Eights,10.66666667,11
1924,Rowing Men's Coxed Eights,13.33333333,14
1928,Rowing Men's Coxed Eights,14.66666667,15
1932,Rowing Men's Coxed Eights,10.66666667,11
1936,Rowing Men's Coxed Eights,18.66666667,19
1948,Rowing Men's Coxed Eights,16,16
1952,Rowing Men's Coxed Eights,18.66666667,19
1956,Rowing Men's Coxed Eights,13.33333333,14
1960,Rowing Men's Coxed Eights,18.81481481,19
1964,Rowing Men's Coxed Eights,18.66666667,19
1968,Rowing Men's Coxed Eights,16.74074074,17
1972,Rowing Men's Coxed Eights,20,20
1976,Rowing Men's Coxed Eights,14.81481481,15
1980,Rowing Men's Coxed Eights,12,12
1984,Rowing Men's Coxed Eights,9.333333333,10
1988,Rowing Men's Coxed Eights,13.33333333,14
1992,Rowing Men's Coxed Eights,18.66666667,19
1994,Rowing Men's Coxed Eights,0,0
1996,Rowing Men's Coxed Eights,13.33333333,14
1998,Rowing Men's Coxed Eights,0,0
2000,Rowing Men's Coxed Eights,12.14814815,13
2002,Rowing Men's Coxed Eights,0,0
2004,Rowing Men's Coxed Eights,12.14814815,13
2006,Rowing Men's Coxed Eights,0,0
2008,Rowing Men's Coxed Eights,11.11111111,12
2010,Rowing Men's Coxed Eights,0,0
2012,Rowing Men's Coxed Eights,10.66666667,11
2014,Rowing Men's Coxed Eights,0,0
2016,Rowing Men's Coxed Eights,9.333333333,10
1896,Gymnastics Men's Team All-Around,0,0
1900,Gymnastics Men's Team All-Around,0,0
1904,Gymnastics Men's Team All-Around,6.141732283,7
1906,Gymnastics Men's Team All-Around,6.062992126,7
1908,Gymnastics Men's Team All-Around,20,20
1912,Gymnastics Men's Team All-Around,7.165354331,8
1920,Gymnastics Men's Team All-Around,9.448818898,10
1924,Gymnastics Men's Team All-Around,5.669291339,6
1928,Gymnastics Men's Team All-Around,6.929133858,7
1932,Gymnastics Men's Team All-Around,1.88976378,2
1936,Gymnastics Men's Team All-Around,8.74015748,9
1948,Gymnastics Men's Team All-Around,9.68503937,10
1952,Gymnastics Men's Team All-Around,13.38582677,14
1956,Gymnastics Men's Team All-Around,3.307086614,4
1960,Gymnastics Men's Team All-Around,9.448818898,10
1964,Gymnastics Men's Team All-Around,8.503937008,9
1968,Gymnastics Men's Team All-Around,7.480314961,8
1972,Gymnastics Men's Team All-Around,7.559055118,8
1976,Gymnastics Men's Team All-Around,5.669291339,6
1980,Gymnastics Men's Team All-Around,4.251968504,5
1984,Gymnastics Men's Team All-Around,4.251968504,5
1988,Gymnastics Men's Team All-Around,5.669291339,6
1992,Gymnastics Men's Team All-Around,5.669291339,6
1994,Gymnastics Men's Team All-Around,0,0
1996,Gymnastics Men's Team All-Around,6.535433071,7
1998,Gymnastics Men's Team All-Around,0,0
2000,Gymnastics Men's Team All-Around,5.590551181,6
2002,Gymnastics Men's Team All-Around,0,0
2004,Gymnastics Men's Team All-Around,5.669291339,6
2006,Gymnastics Men's Team All-Around,0,0
2008,Gymnastics Men's Team All-Around,5.669291339,6
2010,Gymnastics Men's Team All-Around,0,0
2012,Gymnastics Men's Team All-Around,4.724409449,5
2014,Gymnastics Men's Team All-Around,0,0
2016,Gymnastics Men's Team All-Around,4.724409449,5
1896,Handball Men's Handball,0,0
1900,Handball Men's Handball,0,0
1904,Handball Men's Handball,0,0
1906,Handball Men's Handball,0,0
1908,Handball Men's Handball,0,0
1912,Handball Men's Handball,0,0
1920,Handball Men's Handball,0,0
1924,Handball Men's Handball,0,0
1928,Handball Men's Handball,0,0
1932,Handball Men's Handball,0,0
1936,Handball Men's Handball,8.641975309,9
1948,Handball Men's Handball,0,0
1952,Handball Men's Handball,0,0
1956,Handball Men's Handball,0,0
1960,Handball Men's Handball,0,0
1964,Handball Men's Handball,0,0
1968,Handball Men's Handball,0,0
1972,Handball Men's Handball,20,20
1976,Handball Men's Handball,13.25102881,14
1980,Handball Men's Handball,13.66255144,14
1984,Handball Men's Handball,14.56790123,15
1988,Handball Men's Handball,13.99176955,14
1992,Handball Men's Handball,14.73251029,15
1994,Handball Men's Handball,0,0
1996,Handball Men's Handball,14.97942387,15
1998,Handball Men's Handball,0,0
2000,Handball Men's Handball,14.56790123,15
2002,Handball Men's Handball,0,0
2004,Handball Men's Handball,14.73251029,15
2006,Handball Men's Handball,0,0
2008,Handball Men's Handball,14.1563786,15
2010,Handball Men's Handball,0,0
2012,Handball Men's Handball,14.48559671,15
2014,Handball Men's Handball,0,0
2016,Handball Men's Handball,14.56790123,15